,,,,,,,,
Gradient Power Amplifier (FHDO-GPA) for image generation,,,,,,,,
No.,Part name,Part Number,Name or code on PCB board,Quantity,Total Cost (Canadian dollars),"3D Printed
(Yes/No)","Added to Assembly ?/ 
Not yet added to the Assembly??","Disassembled ?/ 
Not yet Disassembled??"
,Active components,,,,,,,
1,4 channel 16 bit ADC,ADS8684IDBTR,U5,1,$23.11,No,,
2,RJ-45 connector,609-146-ND,X4,2,$2.28,No,,
3,Inverter,MC74HC1G04DTT1GOSCT-ND,U20,1,$0.16,No,,
4,Power supply connector,WM 21 367-ND,VCC,1,$7.52,No,,
5,Power supply connector plug,WM-37-04-ND,,1,$0.69,No,,
6,12 volt- voltage regulator,497-7767-1-ND,U7,1,$0.47,No,,
7,5 volt-voltage regulator,497-2957-5-ND,U21,1,$1.61,No,,
8,Heatsink,HS-343-ND,"U100, U101, U102, U103",4,$33.48,No,,
9,2.5 volt reference,296-39165-1-ND,U22,1,$6.84,No,,
10,power amplifier,OPA549T-ND,"U8, U9, U11, U12, U17, U18, U23, U24",8,$430.80,No,,
11,Coil connectors output of amplifier to grad coil,WM-13112,,4,$9.36,No,,
12,Coil connector plug,WM 3701-ND,,4,$1.80,No,,
13,Hexstandoff,36-25522-ND,,4,$4.56,No,,
14,SPI Isolator,505-ADUM4150BRIZ-ND,U2,1,$26.01,No,,
15,Hexnut,732-126-38-ND,,4,$0.64,No,,
16,DAC (Digital to analog converter) DAC80504RTER,296-51043-1-ND,U6,1,$20.93,No,,
17,Heatsink clip,115000F00000G-ND,,4,$3.24,No,,
18,contact pins,WM 2503-ND,,16,$3.63,No,,
19,Differential OP amp,29630028-2-ND,"U10, U13, U19, U25",4,$56.20,No,,
20,Blue LED (LEDSMT1206 ),732-4989-2-ND - Tape,LED1,1,$0.23,No,,
,passive components,,,,,No,,
1,1 nF Feed back capacitors_C0805,399-14546-1-ND,"C33, C34, C44, C43, C63, C64, C83, C84,",10,$2.17,No,,
2,1 micro farad _C0805 capacitors,399-C0805C105J3RECAUTOTR-ND,"C4, C8, C9, C36, C39, C46, C49, C66, C69, C86, C89 , C21, C17, C26",14,$3.50,No,,
3,Resistor (300 ohm)_R0805,738-RNCF0805BTE300RTR-ND,R18,2,$0.26,No,,
4,5K Resistor,804-Y40225K00000T9RTR-ND,R37 and R38,2,$38.24,No,,
5,50K Resistor,PLTT50.0KACT-ND,R36 and R39,2,$15.72,No,,
6,0.22 microfarad Capacitor,399-C0805C224K5RACTUTR-ND -,C10,2,$0.56,No,,
7,22 microfarad capacitor,4587-C0805B226M025TTR-ND,C18,2,$1.04,No,,
8,0.1 microfarad capacitor,399-C0805C104K3RACTUTR-ND,"C42, C52, C72, C92",10,$1.50,No,,
9,,,"C19,C31, C28,C32, C24",,,No,,
10,polar capacitors (100 microfarad),153CLV-1010 (493-6420-1-ND),"C5, C6, C7",3,$1.95,No,,
11,MA03-1 (pin header),2057-PH2-08-UA-ND,SV2,1,$0.13,No,,
12,MA04-2 (pin header2),2057-PH2-08-UA-ND,"SV1, SV3, SV4",3,$0.39,No,,
13,10K Resistor (M0805),2019-RN73R2ATTD1002B10TR-ND,"R27, R69, R97",12,$6.25,No,,
14,10K Feed back Resistor (R0805),2019-RN73R2ATTD1002B10TR-ND,"R2, R3, R15, R16, R28, R29, R30, R36, R38, R40, R42, R43, R70, R71, R72, R98, R99, R100, R41?,R44? R26? R27? R69? R68? R96? R97?",18,$9.38,No,,
15,10nF Capacitor,399-C0805C103J3GECAUTOTR-ND,C45,1,$0.38,No,,
16,10 microfarad capacitors,490-GRM21BZ71E106KE15LTR-ND,"C37, C38, C40, C41, C47, C48, C50, C51, C67, C68, C70, C71, C87, C88, C90, C91, C5, C25, C7,C6",16,$3.17,No,,
17,150 picofarad,399-C0805C151J2GACTUTR-ND,"C35, C65, C85",4,$2.10,No,,
18,1 KIllo ohm R0805,RNCF0805TKY1K00TR-ND,"R37,R39",2,$4.45,No,,
19,1 nanofarad,399-14546-1-ND,"C1, C2, C3, C19, C28, C31, C32, C43, C44",9,$1.95,No,,
20,20 Ohm resistor,A110380TR-ND,"R1, R17, R20, R21",4,$2.16,No,,
21,200m 25W DPAK (shunt resistor),MP725-0.20-FTR-ND,"R35, R49, R77, R105",4,$44.29,No,,
22,Resistor 22 K R0805,408-1636-2-ND,"R26, R68, R96",3,$14.33,No,,
23,"Resistor 3.3K, R0805",408-1639-2-ND,"R41, R44",1,$9.55,No,,
24,"Capacitor 22 microfarad, total ELKO",399-18831-1-ND,"C20, C22, C23, C30",4,$16.23,No,,
25,2K resistor R0805,738-RNCF0805BTC2K00TR-ND,"R31, R32, R33, R34, R45, R46, R47, R48, R73, R74, R75, R76, R101, R102, R103, R104",16,$2.06,No,,
26,5.1K resistor R0805,P5.1KDATR-ND,"R23, R25, R65, R67, R93, R95",6,$0.83,No,,
27,51K resistor R0805,P51KDATR-ND,"R22, R24, R64, R66, R92, R94",6,$0.91,No,,
28,FHDO GPA board,JLCPCB,,5,$59.52,No,,
,Cables and connectors,,,,,No,,
1,pinheaders,2057-PH1-10-UA-ND,,6,$1.16,No,,
2,captone tape,1188-KAPTON-TAPE10MM-ND,,3,$11.96,No,,
3,splice connector 18-22 awg crimp,WM13851-ND,,10,$1.44,No,,
4,20 AWG data cable (16 feet),4903-CF211-05-02-02-DS-ND,,1,$149.51,No,,
5,16-14 Nylon insulated connectors,314-AI-50086N-ND,,16,$2.88,No,,
6,"CONN BARRIER STRIP 4CIRC 0.375""",WM5761-ND,,1,$9.30,No,,
7,JUMPER BARRIER BLK 2POS SPADE,WM4244-ND,,1,$0.60,No,,
8,Gradient filter circuit,,,,,No,,
9,CODACA CPER3231-101MC (Inductor for filter),4044-CPER3231-101MC-ND,,3,$70.15,No,,
10,Filter capacitor,490-GCJ55DR7LV474KW01KTR-ND,,6,$11.38,No,,
11,filter bread board,FILTER BOARD,,2,$9.00,No,,
12,Switching power supply for GPA,,,,,No,,
13,Switching DC power supply for GPA,TekPower TP1560E,,1,$623.09,No,,
14,Gradient Coils,,,,,No,,
15,Gradient former 3D print X gradient,PLA Basic filament (light green),approximately 90.38 gram,1,$2.26,Yes,,
16,Gradient former 3D print Y gradient,PLA Basic filament,approximatley 118.9 gram,1,$2.97,Yes,,
17,Gradient former 3D print Z gradient,PLA Basic filament,approximatley 99.7 gram,1,$2.50,Yes,,
18,RF Coil holder or RF coil base,PLA Basic filament,approximately 20.63 gram,1,$0.52,Yes,,
19,Gradient filter casing cover,PLA Basic filament,approximatley 59.2 gram,1,$1.50,Yes,,
20,Gradient filter casing,PLA Basic filament,approximatley 118.9 gram,1,$2.97,Yes,,
21,Gradient filter casing cover,PLA Basic filament,approximately 61 gram,1,$1.53,,,
22,Gradient wires for X gradient,Enamelled copper wire ,approximatly 350 inch,1,$4.86,No,,
23,Gradient wires for Y gradient,Enamelled copper wire ,approximatly 350 inch,1,$4.86,No,,
24,Gradient wires for Z gradient,Enamelled copper wire ,approximatly 350 inch,1,$4.86,No,,
,phantoms,,,,,No,,
1,Cylindrical phantom,PLA Basic filament,approximately 37.6 gram,1,$0.94,Yes,,
2,Cylindrical phantom with two cylidrical compartments,PLA Basic filament,approximately 55.17 gram,1,$1.38,Yes,,
3,Volume of Olive oil (cylindrical phantom),Olive oil solution,approximatley 54 ml,1,$0.70,No,,
4,Volume of olive oil (two Compartment cylindircal),Olive oil solution ,approximetly 21 ml,1,$0.27,No,,
5,Strawberry,supermarket,,3,$1.00,No,,
,,,,,,,,
Subtotal,,,,,"$1,800.17",,,
,,,,,,,,
Gradient Power Amplifier Soldering and testing equipment for image generation,,,,,,,,
No.,Part name,Part Number,Name or code on PCB board,Quantity,Total Cost (Canadian dollars),"3D Printed
(Yes/No)","Added to Assembly ?/ 
Not yet added to the Assembly??","Disassembled ?/ 
Not yet Disassembled??"
,current sensor and Arduino for testing,,,,,,,
1,current sensor,CP6220-EU-ND,,1,$865.64,No,,
2,Arduino Uno,Arduino mega 2560,,1,$70.00,No,,
,Soldering Euipment for Self assembly,,,,,No,,
1,soldering station,Weller Soldering Iron,,1,$229.00,No,,
2,Soldering tips,Soldering tips (both conical and chisel tips),,10,$63.40,No,,
3,soldering flux,Soldering flux,,2,$32.95,No,,
4,solder wire,leaded solder wire thin,,1,$24.26,No,,
5,Solder wire,Leaded solder wire thick,,1,$20.37,No,,
6,Solder cleaning,Solder cleaning (SRA soldering),,1,$8.48,No,,
7,Alcohol for postsolder cleaning,Isopropyl alcohol,,1,$20.00,No,,
8,Brush,Brush (acid or flux brush),,1,$8.00,No,,
9,magnifier,Magnifier,,1,$40.00,No,,
10,soldering heat guns,Soldering heat guns,,1,$80.00,No,,
,,,,,,,,
,,,,,,,,
Subtotal,,,,,"$3,262.27",,,
,,,,,,,,
Grand total,,,,,"$3,262.27",,,
